doctor_id,name,specialization,experience_years,contact_info
1,David Davis,Cardiology,30,9017508553
2,Emily Williams,Neurology,7,1842218175
3,David Jones,Dermatology,14,7987655966
4,James Garcia,Neurology,2,6220112610
5,Sarah Brown,Pediatrics,9,3201738392
6,John Williams,Cardiology,24,4269563087
7,Sophia Williams,Pediatrics,19,9066047044
8,David Johnson,Cardiology,26,3216353253
9,Michael Martinez,Dermatology,17,7785802333
10,John Wilson,Cardiology,1,4770404430
11,James Garcia,Pediatrics,34,7066347716
12,Emma Wilson,Orthopedics,40,3940661712
13,Emily Garcia,Cardiology,24,4940235793
14,Daniel Davis,Cardiology,21,6828331466
15,Emma Wilson,Cardiology,37,6536428930
16,John Brown,Orthopedics,3,4679508083
17,Emma Martinez,Neurology,22,7763127090
18,Daniel Martinez,Dermatology,14,5011945038
19,Sophia Davis,Orthopedics,29,5205217793
20,Daniel Wilson,Neurology,6,6970706596
21,James Davis,Orthopedics,25,6619685591
22,Emma Williams,Orthopedics,20,4597390025
23,Olivia Johnson,Neurology,39,3771556826
24,David Jones,Pediatrics,10,5866663687
25,Sarah Smith,Pediatrics,11,4800175578
26,Sarah Miller,Pediatrics,13,9330735224
27,Daniel Martinez,Cardiology,8,3203910884
28,Sophia Johnson,Neurology,24,8220893204
29,James Wilson,Neurology,21,6561524819
30,Sarah Williams,Neurology,33,7442712371
31,Olivia Smith,Pediatrics,31,5589787383
32,Michael Martinez,Neurology,12,1207411740
33,Olivia Smith,Dermatology,21,5394179546
34,Sophia Martinez,Pediatrics,5,2435105846
35,Sophia Smith,Cardiology,32,3275902036
36,Michael Garcia,Orthopedics,4,5570346130
37,Olivia Brown,Orthopedics,13,6253983040
38,Daniel Miller,Pediatrics,38,6853395786
39,Daniel Martinez,Cardiology,28,2704685954
40,Michael Smith,Neurology,21,4779757864
41,Sarah Jones,Neurology,8,2841691554
42,Sarah Jones,Pediatrics,24,7382051340
43,Daniel Garcia,Orthopedics,40,9957430151
44,Olivia Smith,Pediatrics,14,2861628580
45,Emily Brown,Dermatology,9,9120120091
46,Michael Smith,Pediatrics,32,7690416181
47,Daniel Brown,Orthopedics,30,7607659515
48,Emma Garcia,Orthopedics,5,6568456081
49,David Smith,Neurology,39,1318599811
50,Emily Martinez,Neurology,13,7096847618
51,Olivia Jones,Neurology,39,2881455058
52,Olivia Jones,Orthopedics,5,8456441284
53,Daniel Davis,Dermatology,33,3868102153
54,James Miller,Pediatrics,31,5981740208
55,James Davis,Dermatology,26,9507070130
56,Emma Davis,Pediatrics,10,8196754539
57,James Smith,Orthopedics,29,2486013652
58,Sophia Martinez,Dermatology,24,8151798301
59,Sarah Johnson,Pediatrics,24,1431684240
60,Michael Williams,Pediatrics,14,8257673423
61,Sophia Jones,Cardiology,15,1973883444
62,Sophia Brown,Dermatology,15,7539422436
63,Sarah Jones,Pediatrics,24,5565591821
64,Sophia Johnson,Dermatology,13,5142906824
65,John Davis,Dermatology,27,9127304850
66,Michael Garcia,Cardiology,6,9917177031
67,Daniel Davis,Pediatrics,1,8143381265
68,John Miller,Dermatology,19,5903795553
69,John Wilson,Neurology,29,2943715438
70,Sarah Johnson,Dermatology,34,6427669717
71,Daniel Johnson,Pediatrics,38,1345528988
72,David Jones,Cardiology,30,4250470125
73,Michael Martinez,Cardiology,3,9502613951
74,Sarah Davis,Cardiology,19,6569821494
75,Michael Smith,Pediatrics,27,8828393087
76,Daniel Jones,Pediatrics,2,2889223488
77,John Smith,Orthopedics,18,1565450051
78,John Wilson,Pediatrics,9,4919266895
79,David Johnson,Neurology,18,3002412480
80,James Brown,Pediatrics,32,1730220091
81,James Johnson,Orthopedics,10,8973888872
82,Sophia Davis,Pediatrics,36,9209868405
83,Sarah Smith,Cardiology,11,6192991990
84,Michael Wilson,Orthopedics,33,2563011738
85,Emily Brown,Neurology,36,4102177159
86,Sophia Davis,Pediatrics,21,2829668730
87,Emma Smith,Orthopedics,17,3041090351
88,David Miller,Cardiology,25,6246015306
89,Michael Davis,Pediatrics,21,9299787151
90,James Smith,Pediatrics,26,4459639699
91,James Jones,Cardiology,10,5072505810
92,David Jones,Orthopedics,21,1954677692
93,Emily Williams,Pediatrics,5,3853714393
94,Michael Martinez,Dermatology,29,2183117797
95,Daniel Smith,Orthopedics,23,6618415754
96,Emily Garcia,Neurology,5,9828744994
97,Daniel Wilson,Dermatology,1,9353722306
98,Emma Johnson,Neurology,35,8716381930
99,Sophia Johnson,Pediatrics,17,7877043256
100,James Smith,Pediatrics,36,9909135925
101,Emily Martinez,Cardiology,25,8892310852
102,Sophia Davis,Dermatology,37,1640814464
103,Sophia Garcia,Neurology,34,4390869461
104,Emily Martinez,Pediatrics,28,4256294585
105,Emily Johnson,Pediatrics,39,6162910460
106,Olivia Johnson,Dermatology,31,6172178665
107,James Brown,Dermatology,9,5886464955
108,Olivia Williams,Dermatology,29,5494441805
109,John Wilson,Orthopedics,40,9740131439
110,David Johnson,Pediatrics,30,7530038905
111,Emily Smith,Dermatology,21,3562342661
112,John Smith,Dermatology,27,5654338112
113,John Brown,Cardiology,32,7768911725
114,Emily Davis,Neurology,13,5339956176
115,David Wilson,Cardiology,31,7019731730
116,Sarah Davis,Neurology,17,1157624403
117,James Garcia,Neurology,35,8905893546
118,Sophia Williams,Cardiology,18,5698633437
119,Emma Garcia,Dermatology,23,6521372231
120,David Davis,Cardiology,10,7621026923
121,Olivia Garcia,Neurology,34,4365255827
122,David Davis,Dermatology,31,4376776843
123,David Smith,Orthopedics,37,8544568677
124,Michael Garcia,Cardiology,16,7038243563
125,Olivia Smith,Pediatrics,24,6531605289
126,Emma Brown,Cardiology,21,7934189950
127,John Jones,Neurology,21,3948833480
128,Daniel Davis,Pediatrics,36,6186275293
129,Sarah Martinez,Neurology,20,5681234999
130,Daniel Williams,Orthopedics,24,5938837949
131,Emma Jones,Dermatology,4,6002411728
132,Olivia Smith,Pediatrics,27,8220019738
133,David Williams,Neurology,35,4562544759
134,Emma Smith,Dermatology,13,8674605770
135,David Garcia,Neurology,20,1703815326
136,Sarah Williams,Dermatology,24,3616182590
137,Emily Brown,Dermatology,40,5839645578
138,Sophia Miller,Dermatology,12,8181770786
139,David Williams,Cardiology,21,4062573098
140,Sarah Martinez,Cardiology,32,6184279829
141,Emily Martinez,Orthopedics,18,5691172456
142,Emily Miller,Dermatology,30,6937074345
143,David Williams,Orthopedics,19,8186271170
144,James Davis,Neurology,32,7761716927
145,David Garcia,Pediatrics,31,8973611170
146,Emma Johnson,Dermatology,11,4909179737
147,Michael Wilson,Dermatology,1,6146168367
148,Emma Martinez,Dermatology,16,9554444486
149,Emma Garcia,Pediatrics,4,7599391412
150,Olivia Smith,Cardiology,6,3961050882
151,Sophia Miller,Pediatrics,14,1557029359
152,Sophia Miller,Orthopedics,18,3641032032
153,David Brown,Cardiology,28,3524041408
154,James Jones,Neurology,31,8199900207
155,Sarah Brown,Cardiology,31,2410771650
156,Michael Garcia,Dermatology,34,5556461431
157,Olivia Johnson,Cardiology,12,7547744969
158,Sarah Jones,Cardiology,1,3444720795
159,Olivia Davis,Neurology,23,9098666256
160,Michael Smith,Pediatrics,20,4266747286
161,James Smith,Neurology,15,1437495578
162,Daniel Jones,Pediatrics,12,5396673516
163,Sarah Miller,Neurology,16,1771553081
164,Olivia Johnson,Dermatology,26,3509834563
165,Emily Brown,Neurology,8,1691274588
166,Michael Johnson,Orthopedics,5,2414749575
167,James Johnson,Cardiology,13,5817937322
168,James Davis,Cardiology,9,3223394342
169,Sophia Wilson,Pediatrics,3,3711627866
170,Sarah Brown,Orthopedics,13,6674146446
171,David Miller,Pediatrics,30,4905315202
172,Olivia Miller,Cardiology,3,9862915210
173,James Smith,Pediatrics,40,1240058491
174,John Jones,Orthopedics,4,5390545500
175,Sarah Wilson,Neurology,23,9786937955
176,Olivia Martinez,Neurology,17,8723848208
177,Sophia Jones,Pediatrics,31,8560736711
178,Daniel Brown,Dermatology,6,1170380132
179,Sophia Wilson,Pediatrics,25,8292475928
180,James Smith,Cardiology,38,1842314420
181,Emily Miller,Cardiology,26,1176958810
182,Emma Davis,Orthopedics,13,8799791889
183,Daniel Smith,Neurology,29,2749885459
184,David Jones,Neurology,17,8260620430
185,Emily Davis,Neurology,36,1407977661
186,Sophia Williams,Dermatology,24,7989330254
187,Daniel Johnson,Neurology,29,4747444248
188,Michael Martinez,Pediatrics,19,7157492879
189,Sophia Martinez,Pediatrics,20,8501411726
190,Emily Jones,Orthopedics,15,8314915058
191,Michael Johnson,Pediatrics,14,7298243422
192,Emily Jones,Neurology,3,3995415780
193,Michael Brown,Cardiology,1,7852774104
194,Michael Smith,Neurology,13,3081508722
195,Daniel Davis,Neurology,7,9664123725
196,Emily Brown,Orthopedics,26,4090687332
197,Sarah Jones,Neurology,37,4251427788
198,John Williams,Cardiology,24,5986416153
199,Emma Jones,Orthopedics,40,7500697920
200,Michael Davis,Dermatology,35,3901704244
201,Olivia Wilson,Neurology,14,4036990627
202,Emma Johnson,Cardiology,25,2470619517
203,Emma Johnson,Cardiology,28,4105739525
204,James Johnson,Pediatrics,29,9079082665
205,James Johnson,Neurology,8,7394875814
206,James Smith,Dermatology,40,3348229481
207,James Garcia,Pediatrics,36,5748517680
208,Emily Garcia,Cardiology,24,8015108675
209,Emma Williams,Orthopedics,10,1831194566
210,Olivia Johnson,Cardiology,39,9605131109
211,David Martinez,Orthopedics,9,1409991964
212,Daniel Davis,Neurology,9,5823400168
213,James Garcia,Orthopedics,3,8673743550
214,David Johnson,Dermatology,35,4279222319
215,Emily Miller,Neurology,5,7806430774
216,Emma Brown,Dermatology,15,6307550445
217,David Davis,Neurology,10,5961022755
218,James Smith,Cardiology,29,2256848043
219,Daniel Garcia,Cardiology,10,2638002868
220,Michael Miller,Orthopedics,18,2980805262
221,James Martinez,Cardiology,10,1230455821
222,Michael Wilson,Neurology,17,6484545629
223,Emily Brown,Dermatology,26,1972389927
224,Sophia Martinez,Orthopedics,32,9390094246
225,Olivia Jones,Orthopedics,16,8718018334
226,Emma Williams,Dermatology,25,1948592977
227,Emily Martinez,Cardiology,34,6340916665
228,John Jones,Orthopedics,29,4211856451
229,Sarah Wilson,Orthopedics,20,2943745811
230,Emma Miller,Neurology,29,3226860551
231,Sarah Smith,Orthopedics,18,3157775517
232,Olivia Johnson,Orthopedics,8,8575094041
233,Emily Jones,Dermatology,26,4151133077
234,David Johnson,Dermatology,34,1736847649
235,Sarah Wilson,Cardiology,20,4664827130
236,Olivia Miller,Cardiology,10,1527068012
237,Daniel Johnson,Cardiology,37,5284160649
238,Michael Johnson,Neurology,11,4784238532
239,Emily Johnson,Orthopedics,32,5027051504
240,Sarah Garcia,Neurology,26,3789400414
241,Sarah Johnson,Pediatrics,39,9577517621
242,John Miller,Orthopedics,3,5275304539
243,Michael Johnson,Neurology,26,7914408536
244,John Davis,Cardiology,23,9954863718
245,Daniel Johnson,Cardiology,37,7092155466
246,Michael Williams,Orthopedics,13,3927404306
247,James Davis,Cardiology,16,4076814378
248,Michael Jones,Pediatrics,32,9253034876
249,Emily Garcia,Cardiology,38,9932618963
250,Olivia Miller,Orthopedics,39,2089249216
251,Sophia Brown,Neurology,13,2551931714
252,Emily Williams,Pediatrics,37,9960458624
253,Olivia Jones,Pediatrics,4,6476227353
254,Olivia Garcia,Orthopedics,35,5443878459
255,James Davis,Pediatrics,8,7215967207
256,David Garcia,Orthopedics,7,5319647304
257,Olivia Jones,Cardiology,18,9596595161
258,Emma Williams,Cardiology,26,4150878720
259,James Miller,Dermatology,8,7152792310
260,Daniel Johnson,Neurology,32,3616579693
261,Olivia Davis,Neurology,14,6435588361
262,Daniel Wilson,Orthopedics,6,6938916491
263,John Smith,Dermatology,2,1871124528
264,Olivia Garcia,Orthopedics,25,1549044099
265,Sophia Wilson,Orthopedics,30,4940116226
266,John Wilson,Neurology,39,7024000547
267,John Garcia,Neurology,3,7339895625
268,Michael Wilson,Cardiology,6,8629097397
269,Sophia Martinez,Orthopedics,36,8775884689
270,James Williams,Dermatology,27,8479005406
271,David Johnson,Neurology,27,9235563589
272,James Brown,Orthopedics,17,6813209077
273,Daniel Martinez,Dermatology,34,7142100079
274,Emily Wilson,Dermatology,27,3323554397
275,Sophia Garcia,Cardiology,30,6755022078
276,Emma Smith,Pediatrics,38,6912049331
277,Sarah Martinez,Orthopedics,16,4787901896
278,David Garcia,Cardiology,39,2708324506
279,James Wilson,Dermatology,9,3040770192
280,David Smith,Dermatology,33,4764376527
281,Daniel Smith,Dermatology,22,4095952244
282,Daniel Miller,Cardiology,30,5078887779
283,Sophia Jones,Cardiology,2,2794788557
284,Sophia Martinez,Dermatology,31,6395526775
285,Michael Smith,Orthopedics,28,5332579169
286,Emma Martinez,Dermatology,22,1294469495
287,Sarah Garcia,Cardiology,19,8145975347
288,Daniel Miller,Pediatrics,26,6306532201
289,John Williams,Orthopedics,21,1991507218
290,Emily Garcia,Cardiology,23,8170947880
291,David Smith,Pediatrics,38,4133934208
292,Emma Johnson,Neurology,40,3867749224
293,David Davis,Pediatrics,24,5388864272
294,Sarah Johnson,Neurology,13,8390738830
295,Emily Wilson,Orthopedics,7,8729383837
296,Olivia Jones,Cardiology,20,5533279318
297,James Brown,Cardiology,39,2279737259
298,Daniel Wilson,Dermatology,18,8951136925
299,James Wilson,Neurology,3,1046692124
300,Emma Miller,Dermatology,32,9226041045
301,Michael Davis,Neurology,14,6474263816
302,Olivia Martinez,Cardiology,40,6211384169
303,David Davis,Pediatrics,13,5781930106
304,Emily Wilson,Neurology,37,3694483879
305,Olivia Davis,Orthopedics,4,1727616962
306,John Smith,Dermatology,17,3315364156
307,Olivia Smith,Pediatrics,23,6784125974
308,Sophia Williams,Neurology,23,8324161123
309,Sophia Johnson,Neurology,25,8640438182
310,Emma Garcia,Pediatrics,40,5571050951
311,James Martinez,Neurology,6,6390142389
312,David Miller,Neurology,13,7097746226
313,Michael Smith,Cardiology,3,5365478755
314,David Jones,Cardiology,10,4995178094
315,John Brown,Orthopedics,1,3822238257
316,Emily Smith,Cardiology,22,9046671217
317,Michael Wilson,Dermatology,18,3500048631
318,John Johnson,Neurology,10,6771722968
319,John Williams,Pediatrics,21,6359947860
320,James Davis,Pediatrics,30,4391561714
321,Michael Martinez,Cardiology,31,5713428643
322,Michael Garcia,Pediatrics,39,4097543226
323,David Miller,Orthopedics,36,6929912104
324,David Smith,Pediatrics,36,2092868097
325,Olivia Wilson,Orthopedics,40,9594748559
326,Daniel Johnson,Cardiology,28,4031369668
327,Sarah Martinez,Neurology,35,8380303379
328,Olivia Wilson,Neurology,31,1181229802
329,Emma Wilson,Cardiology,33,3556831648
330,Emily Wilson,Orthopedics,9,3250595550
331,David Wilson,Neurology,8,3643298136
332,Emily Brown,Dermatology,2,1390913002
333,Sophia Smith,Pediatrics,34,7873152321
334,Emily Brown,Cardiology,37,1130841677
335,Emma Johnson,Neurology,20,8220573830
336,Emma Williams,Pediatrics,20,1648505705
337,Olivia Williams,Neurology,5,8804670169
338,Michael Martinez,Cardiology,27,4016898598
339,Sarah Williams,Neurology,35,9351607987
340,Michael Williams,Pediatrics,22,2989732993
341,James Davis,Neurology,24,8668867942
342,Olivia Garcia,Orthopedics,16,8411383267
343,Emily Garcia,Pediatrics,19,5184330677
344,Daniel Garcia,Orthopedics,3,6845621882
345,Olivia Garcia,Cardiology,34,2089720428
346,Daniel Wilson,Cardiology,21,9121839398
347,Olivia Garcia,Neurology,36,9362328452
348,David Smith,Dermatology,21,3940858090
349,Emily Jones,Pediatrics,26,6991137512
350,John Wilson,Orthopedics,26,5136119564
351,James Wilson,Neurology,12,2628017077
352,John Garcia,Cardiology,23,6941669789
353,John Wilson,Orthopedics,16,9110138386
354,John Miller,Orthopedics,40,1767498783
355,James Martinez,Pediatrics,8,1127016155
356,David Johnson,Orthopedics,26,1941149530
357,Daniel Johnson,Orthopedics,14,9237700922
358,Sarah Miller,Orthopedics,3,2969528655
359,Emily Williams,Neurology,8,6642711202
360,Sophia Jones,Pediatrics,8,1892029330
361,Olivia Miller,Neurology,16,5654384670
362,David Jones,Cardiology,29,8879842795
363,John Davis,Pediatrics,12,9168609844
364,Emma Garcia,Neurology,25,3351786541
365,John Miller,Pediatrics,1,2978480642
366,David Martinez,Pediatrics,30,6226468533
367,John Smith,Cardiology,4,7708946663
368,Emily Smith,Pediatrics,7,5821734590
369,Sarah Martinez,Neurology,39,4007323053
370,Emma Jones,Neurology,18,2288716649
371,Emily Davis,Pediatrics,21,1537213387
372,James Davis,Pediatrics,25,7859376601
373,Olivia Jones,Dermatology,37,7886892739
374,Emily Wilson,Cardiology,26,1240277550
375,David Wilson,Dermatology,40,2922772722
376,Daniel Williams,Orthopedics,1,6899240453
377,James Miller,Orthopedics,6,4234417312
378,Michael Brown,Pediatrics,9,8048314095
379,David Johnson,Pediatrics,8,7583348281
380,John Williams,Neurology,15,6616180822
381,Emma Smith,Orthopedics,29,9897590338
382,James Williams,Pediatrics,4,6458292401
383,John Smith,Dermatology,29,1281383065
384,Daniel Smith,Orthopedics,1,2134788795
385,Sophia Smith,Dermatology,33,6663804285
386,Sophia Jones,Pediatrics,35,2113393273
387,James Garcia,Pediatrics,4,4604613818
388,Sophia Jones,Pediatrics,12,9965609430
389,Sophia Williams,Neurology,36,4483224301
390,Emily Williams,Neurology,12,2156953374
391,David Williams,Orthopedics,17,5418689916
392,Daniel Garcia,Orthopedics,17,6490630327
393,David Smith,Dermatology,34,9088920049
394,Emma Williams,Neurology,39,5432320157
395,Sophia Smith,Orthopedics,30,1176161427
396,Michael Garcia,Pediatrics,29,7273671293
397,Daniel Garcia,Dermatology,14,3727617637
398,Michael Williams,Cardiology,4,8863273828
399,John Garcia,Neurology,34,4513820410
400,Emily Johnson,Pediatrics,6,5050470274
401,Olivia Williams,Pediatrics,32,9762427674
402,Sarah Williams,Cardiology,6,3037815002
403,Emily Williams,Cardiology,22,3872196483
404,Michael Wilson,Cardiology,33,8922421055
405,David Smith,Neurology,31,8366973355
406,John Jones,Neurology,7,7317970693
407,Emma Wilson,Dermatology,21,9958782057
408,David Johnson,Pediatrics,18,4607303914
409,David Wilson,Dermatology,11,2554968774
410,Sophia Jones,Orthopedics,2,6834927399
411,James Smith,Neurology,1,1038452959
412,David Johnson,Orthopedics,35,3537692228
413,David Johnson,Dermatology,15,9827043865
414,John Martinez,Orthopedics,19,2057990433
415,Emily Johnson,Neurology,26,1988256958
416,Sophia Martinez,Dermatology,25,6017211645
417,Sarah Garcia,Orthopedics,26,7708554762
418,Sophia Wilson,Cardiology,24,9355057409
419,James Wilson,Dermatology,39,9158229722
420,Michael Brown,Neurology,33,5182518690
421,Sophia Wilson,Orthopedics,14,1937680186
422,John Jones,Orthopedics,39,3558195163
423,Emma Wilson,Pediatrics,15,3759575667
424,James Johnson,Cardiology,21,5657238295
425,David Brown,Neurology,7,2073140258
426,Emily Garcia,Orthopedics,6,2648927556
427,Emma Williams,Neurology,3,9986899444
428,Sarah Johnson,Neurology,1,8444332460
429,Emma Wilson,Pediatrics,13,3294982054
430,Sophia Brown,Dermatology,31,4985057026
431,John Miller,Orthopedics,40,9753932365
432,Emily Williams,Orthopedics,39,2011335443
433,Emma Miller,Pediatrics,36,7314047544
434,Michael Wilson,Cardiology,15,6784999407
435,John Garcia,Orthopedics,4,5286111643
436,Emma Martinez,Pediatrics,20,6132792896
437,Daniel Davis,Orthopedics,35,1895436369
438,Emma Jones,Dermatology,37,5317968114
439,James Wilson,Pediatrics,12,4871639931
440,Emma Jones,Neurology,13,1149263617
441,Emily Williams,Orthopedics,31,8085288814
442,John Williams,Neurology,18,2842725117
443,John Martinez,Orthopedics,40,1682821578
444,John Johnson,Cardiology,39,3520676420
445,Michael Garcia,Dermatology,30,4900296202
446,Sarah Miller,Neurology,39,4446767885
447,Emma Smith,Orthopedics,4,1045933453
448,Daniel Martinez,Dermatology,21,8462997596
449,James Davis,Pediatrics,6,4980553519
450,Emily Brown,Orthopedics,2,6400757960
451,Daniel Garcia,Pediatrics,1,7273615860
452,Daniel Johnson,Pediatrics,3,9831373383
453,Emily Brown,Pediatrics,27,5501006801
454,Olivia Martinez,Orthopedics,27,4153040791
455,Sophia Martinez,Cardiology,33,4217579081
456,Olivia Brown,Pediatrics,14,9268014014
457,Sarah Jones,Cardiology,2,2140933358
458,John Johnson,Dermatology,21,6233547915
459,Daniel Williams,Pediatrics,37,3896198978
460,Emma Jones,Pediatrics,13,1828057197
461,David Jones,Neurology,37,6694950231
462,James Martinez,Neurology,40,7180692898
463,David Davis,Pediatrics,30,7955508355
464,Sophia Martinez,Pediatrics,17,8097220488
465,Emma Smith,Orthopedics,20,9196166140
466,Olivia Williams,Orthopedics,29,1757372992
467,Emily Johnson,Neurology,21,3724902314
468,James Davis,Cardiology,35,1172563993
469,Daniel Martinez,Neurology,37,3868216202
470,James Jones,Cardiology,30,6850690065
471,Sarah Miller,Neurology,19,7098948381
472,Daniel Williams,Pediatrics,37,6394616757
473,John Martinez,Neurology,18,4020472183
474,Sophia Smith,Orthopedics,16,6933383545
475,Olivia Martinez,Cardiology,9,4412803331
476,Emily Jones,Neurology,22,6633712156
477,Emily Johnson,Neurology,37,8270989934
478,Daniel Miller,Orthopedics,29,8653570960
479,Sarah Smith,Neurology,32,8792963036
480,Emma Johnson,Dermatology,31,5092044756
481,Michael Miller,Orthopedics,32,2280221542
482,Sarah Brown,Orthopedics,13,9597765808
483,Sophia Garcia,Neurology,12,9441181062
484,Sophia Johnson,Dermatology,21,5706988918
485,Sarah Smith,Cardiology,37,4359206317
486,Olivia Williams,Cardiology,38,4219069900
487,Michael Garcia,Cardiology,21,4184767137
488,Daniel Johnson,Pediatrics,24,3988199582
489,Daniel Jones,Orthopedics,11,4771229893
490,Emma Garcia,Pediatrics,30,8458343628
491,John Williams,Dermatology,37,8506986396
492,John Miller,Cardiology,9,8799109300
493,James Davis,Pediatrics,24,8586077135
494,Michael Johnson,Orthopedics,38,3643919031
495,Emily Garcia,Cardiology,17,5180864458
496,Michael Brown,Neurology,22,1010218567
497,Michael Miller,Cardiology,35,1628718374
498,John Brown,Cardiology,18,7693434543
499,Sarah Smith,Dermatology,7,4758693356
500,John Smith,Pediatrics,33,2622754280
